Site_ID,Longitude,Latitude
1,1.26719086742182,48.72506726648734
3,2.938577925144992,47.290701876025246
4,1.2573021748296922,42.78737487819282
5,1.0374073727745703,46.01513064195491
6,-0.28645264954133065,46.139925951575364
8,3.9621127897328403,44.35739811715652
9,-0.7375786706865028,48.22754438674971
11,3.9895046893329464,48.94877973941269
12,2.636842770250941,49.11519708859573
14,2.407987506212552,45.25034353449374
17,7.413244485014557,48.19421108180701
18,2.123590030911024,48.01936281231111
20,-3.972630720520816,48.49742268056214
21,2.285471925771594,48.715316123414844
23,1.1514312137162799,48.64774968294378
26,3.6308917537041516,45.67657802253488
29,-1.9043318038688608,47.25411342894833
30,0.00015309931512508257,47.89639410387602
31,1.7346743206221804,44.19391963974375
34,1.9593885670233728,50.81988500801505
35,2.2853341462065684,44.24723065888559
37,6.526026813648148,47.35045716511026
38,3.384727374805699,44.65966192520566
42,2.2084554826510363,48.70060091400852
44,-0.12060682101304376,48.6957698158129
45,3.195631028888572,44.3946447758234
47,1.2782537077915022,46.853059997477615
51,2.8583767243666536,45.040596454789345
55,0.8301850852080976,48.91002790920979
61,6.623381586705936,43.76964829542126
62,3.7054685324779726,48.861862841067506
63,6.104346671965727,45.15557008319893
64,-2.6554318552446055,47.75435247547629
66,2.562215900998673,50.39141116153022
67,0.1001119720092678,42.93095583899127
71,2.267155668773502,45.21791237194466
72,-0.386345461553776,44.17602970264032
73,-1.3244208275677294,49.42925484734755
74,0.5451424815706689,45.63566307521079
76,5.6895008776649405,49.403906220289
79,6.581424537623386,44.986787773623114
80,-1.1826131780201403,48.12879870982081
81,3.4241449781770807,44.73705265718157
83,4.593378177033944,43.970565324851435
84,0.5544581678880753,42.96850900384437
85,2.165305185450384,49.5410629178015
88,2.9579201904645807,44.829079614207096
91,-0.5375453135430481,46.398901645564415
93,5.7138024893871755,48.89820831431555
94,4.524421048966051,47.33472194729575
95,-1.9877112066119311,48.17839090483538
96,0.984261190590975,48.898885164365325
97,4.323408412573023,45.89283617299367
101,6.296211049549955,45.90832671930069
104,5.866404097752989,49.212668111711075
105,6.5987859695726065,48.31005366104729
106,2.845688063629572,46.51368282718275
109,3.562359580441189,46.311019112616016
110,-0.05261097531707648,43.51091995070443
113,1.028109328103259,48.09012634099541
114,2.79931531166862,44.79781011027712
115,3.802884176503456,45.57271836754678
117,4.025226284685765,49.79277442625251
119,3.550195925403166,46.347250369744756
120,2.050500461618207,47.70153960014899
121,2.912776555188554,48.56226006185591
122,5.14211712497864,45.32027188559592
123,-1.5293026499247144,47.64789424297613
128,4.110459553513955,47.312488018232905
132,-0.9713582603576736,43.534939289455025
134,-0.9441860406207612,47.25826823042965
135,1.78793829782036,47.3865782204744
145,5.76313909192762,48.815129360634174
146,4.458371775590397,49.88725149693568
147,6.603195123049739,43.75049212646671
150,5.217209533363761,47.57210822143875
153,0.10762069296445542,48.45086603748924
158,0.6666117429098808,44.70337386806357
159,4.684912012190596,48.35412187946038
162,1.2141704822572876,45.6661327774253
164,-0.8732677087227367,45.75643598309759
167,1.4439322298046005,43.90691611619174
169,1.1109207078016876,49.38406314826879
171,2.3203413375378004,48.6059892293667
176,5.266375438694158,45.27182190687243
181,-0.26382453083779733,45.24477672741169
182,1.935690254467147,49.174918125704934
187,1.3932943891659093,43.656024144391495
188,5.380713774683883,47.52266181193967
193,4.589934037135995,46.60129515032918
200,5.18245978778061,45.55959319619991
202,2.297834357303782,45.17416764786599
205,1.0001829189992435,46.57407841942984
206,3.1402254720378195,47.99246963556416
212,6.855131039371296,44.834432699866
214,-0.04684538990356213,44.03560740648725
217,6.5068050094316625,49.1590073587214
218,-0.011972608775362659,48.48214742337779
219,3.2249864937270765,50.52630013405564
220,6.6950377751785215,46.123683561308766
224,6.66978518962881,45.53657863060852
227,1.2537916613373232,47.07741835179087
230,5.438654861535115,43.96583807886082
231,5.340427433104246,47.70911720649226
232,6.1763941003643765,47.65918194533129
233,-0.2803915157982271,47.572859032274394
234,-1.7822277398654962,46.6783452186197
235,4.066115260383292,48.48431464819483
238,4.302976747846973,48.87839300916252
239,0.5452962532183028,45.66253970054491
241,0.45548673829615094,48.44623340623436
244,1.799682956628402,48.076757875769715
245,-1.3283078498440744,48.61578682401362
249,6.4761259889000105,46.01777529116679
250,6.065753875683171,48.846155632108385
252,7.191613009781451,47.597294932741626
253,1.6457349905372993,48.43772371128991
255,2.742733049672119,46.491222917585446
256,-0.783778030563619,47.94868275131557
263,5.380471207160648,49.34568863889004
266,5.345048491349893,46.21915206168369
269,4.456701933144435,45.194983487638936
270,1.8809641470323726,45.12377152258926
274,2.420102846189276,42.988530765723866
275,3.8100596797424373,43.61006937063719
276,7.1079447618185,48.67466842091007
281,5.063184061077033,45.032611517336434
286,4.280717886253537,43.93955189825918
288,4.022602028020346,49.725880978102325
293,2.6000283813040452,42.7649372130693
294,1.6708842837341065,49.271417522521986
295,2.0510168886251376,44.70678786101823
297,0.7767042652505145,47.057920971998364
298,1.2771158508003628,44.244605582151166
302,0.33932823170008763,46.99903912986518
306,0.31548230197686156,46.08872700817691
312,-0.9143141672320985,43.030736685997354
315,2.252544639885274,49.27516393117443
316,0.41445953712086947,46.11571499816974
319,5.051145511695685,47.70605581411136
324,3.0444139395057626,49.415609462530384
325,0.1132567805486202,46.55404530793454
330,-0.07110807939018837,48.7742306019949
334,2.1602131849266026,49.08190174400338
335,-4.11945016416826,48.44523870778127
337,-2.11325702311835,47.27473185921436
338,1.6821049427657773,49.84468795915021
339,0.9536003094659167,46.75756386252494
341,-0.3865337148127974,47.36060094173429
343,-1.0226393336460937,44.98191606515162
344,-3.4218191001218496,48.27517854760674
349,0.5375821835516472,44.898449263380584
352,-0.3640615006597523,43.20705543018177
354,7.3283443335731935,43.920715530659805
358,2.092450469401041,44.49967395507
362,2.2827638659646157,44.33434885831305
363,4.831872280725154,43.578322662026686
365,-0.6389137383115262,45.91209768495635
368,6.410752141977342,47.08540547337166
369,1.15757687726646,48.132323384637004
370,4.105309188611718,44.40428819277831
371,5.230083411059386,46.1385736349994
375,0.3759203350700755,45.560323336949786
378,-0.6059138437933056,44.33452514073588
381,-0.3415421035241426,46.52169963709121
383,-0.3296922734063541,46.27834525181882
390,6.666281308569896,48.56378261627664
391,-0.7235051623555435,45.93557458531922
392,3.634880110482152,46.26379844134205
393,3.278976604209987,45.3774012130156
402,3.1325982524547253,45.08335818552167
404,2.140134651596431,43.76254696963001
405,-0.721427667233141,43.77711399486394
406,2.3766765121054174,46.39189956961343
407,6.41708455384957,43.97348657032942
408,6.803466911684186,44.75273141760438
409,2.691230444792615,46.151664553933244
414,0.5154402384932428,44.93930217658239
415,-0.4693185391692527,44.97723615086541
416,3.2671621763003564,47.50400275972999
423,1.973853627026016,46.29648317195977
427,5.720729484366657,45.63195860483132
431,3.1409595888069983,46.61721198177178
432,5.747653722355761,49.404364084859765
435,4.3158581924062265,43.623699985340465
436,2.845297040840081,49.598848161045886
438,3.046010318365843,44.38362759216574
439,2.673989873984917,42.41985708907608
443,0.27331160816682143,48.88659511633818
444,4.845172255385664,46.74752515068691
445,3.150984534016466,50.347398201523696
447,2.8966922992448048,45.28400598323289
448,1.8552669658242875,50.92499567468298
449,-0.17786531875437195,46.101375375146105
450,4.599747748347621,46.530001910089155
452,0.3375422871687741,47.9882022679127
453,1.2394653473517945,43.1892626593883
455,5.12268902004598,49.56344266476304
456,4.057949461729844,45.90938996296627
458,1.253920712930353,49.56075142380092
459,0.31495188187766754,47.80744004171716
461,1.5145550907803926,42.825480782863174
470,-0.4783635534055435,48.96500643861285
471,3.466354192680523,44.227624328065815
472,2.5631638749121315,50.02567297123652
473,1.2543646663642,43.32709230777964
475,3.237280941217545,49.07186787803542
477,3.3281189062969787,48.18743960522101
481,1.4211906441212587,45.17369716222823
483,4.216383895667745,46.69158031672655
486,4.476331760280189,43.461869821237784
487,3.5867066309145486,48.448822841297414
488,2.818211980145546,48.089086872757214
489,3.559337739789708,45.480882134191575
490,5.281373714031945,43.40205038636611
494,1.4676101819110716,49.85760698404415
495,5.099482333187764,45.95980005566687
496,0.5561583121461986,43.4138592973617
498,4.614540978625563,45.00245614124143
501,-1.2237695107722613,43.827903198532944
502,-2.145923132279659,47.24165698176721
507,0.9486404505886741,44.12451498187129
508,6.225313577657628,45.07715239721561
511,1.0938495600435019,43.441043718501035
512,7.267920207070169,48.451513786751015
513,-2.2467322806967576,48.108496601238514
516,7.297558258881667,43.91751122119064
517,1.0856537214192192,46.92750456444616
519,-0.6454941574848849,44.93372794047804
520,5.286825448626152,48.188504722620486
521,1.4184977099740044,46.86677363135656
524,5.04878438140063,45.14285409942381
526,-4.20378583275952,48.32131087574938
527,6.803645095755835,43.74276897952951
529,-1.6064542322995097,43.396515837213414
531,2.3003046842813033,42.83791321734414
532,7.368496118686636,48.98044863183546
534,1.6688333213197444,47.74196812539912
536,1.8305106602119139,48.01020780718583
537,-0.8728041138507345,48.55952521362438
538,-0.5943217487810317,48.17738645461236
539,-1.571240020423101,47.71526823278585
541,0.6998368502303061,44.6272051661045
543,2.138666582447075,45.907964748374816
544,5.1520737189670776,46.78281840173797
547,5.180960332225494,46.59620285443557
549,0.004256921010512116,44.57984752650258
550,1.6124029654174654,49.73666468334621
552,1.1404786943819136,44.29147540723931
555,7.151663744745145,43.66156659861793
557,1.8093851290733678,48.255494263501916
558,4.04506534725496,45.48920258781181
566,1.3949247944712937,49.157431393079655
567,-1.7401080338237902,43.351915128034285
568,0.1330098353683251,47.463486064669006
569,-0.2377560384044628,46.384959586929305
574,-0.4033952592849035,45.995025100221326
577,6.073491716866066,43.434190351794705
578,5.143088530251818,46.87785308453162
579,4.382206216662707,48.900849668979625
582,5.818988746383964,48.184915601711474
589,1.5647610810436214,49.60788899484998
593,6.854548705056601,47.7833855171659
596,3.3824709685452454,48.44807348939923
597,4.885488841014428,46.010543604025465
598,0.49719615048170773,45.845333680172104
599,3.446099940965121,44.400465626689666
600,-2.2541290761348662,48.30929861329583
601,-0.528580540410303,47.886612130925776
602,-3.1594703399549573,48.099198215724286
603,4.307774576045631,43.55202155757617
604,-0.23045684508262987,47.51260940664304
605,1.1031119680273687,44.767136676069406
606,0.4521591152232576,44.58577581273444
609,5.553158208692553,48.28546212176039
610,-0.3791128050734054,49.2495241158614
612,4.790725786974363,47.59161549786773
614,1.667409772579477,49.790752839519655
618,3.366251964829898,44.97516524334845
620,2.9081905960443724,44.47919076198957
624,-3.481425120273373,48.43827119744004
625,1.3643294462833238,48.18148262942154
630,1.3798554015201274,43.22343891144075
631,6.350119428160379,43.301458954676384
633,-0.3737918303930954,45.62884595499391
636,4.284227324754061,43.49622437602853
637,2.7114305767689997,49.85334718809062
639,1.3596823348459646,43.91846727976792
641,-0.4988201793487672,48.844353146514806
642,-1.6787136617413587,46.76646041691967
644,6.600652953347547,47.121747355870404
645,-0.09348314432891325,44.80957125542794
646,1.4706814432568693,44.53641626948858
648,3.5225857899126733,46.91620217990622
650,-1.7918950959204802,48.119054422123774
651,1.3557163219930626,48.55189078795292
652,4.779320927924923,46.91653975312694
653,1.364953167875301,42.74520093535596
654,2.9515611599355616,42.93747135127747
658,1.7777168533008112,42.96012260947316
659,-0.8631310158240737,49.257243961755556
665,-1.1793281432304492,49.00649746592496
666,1.9093032661231657,49.54883955784784
667,2.6563516735805655,48.488345012719016
669,0.19619447824791703,44.72991097502565
672,2.3477295488532466,42.58623116146586
673,5.168898154323598,48.15869115836674
674,2.708488697344878,44.25610454154303
675,-0.9374434788258048,43.37025646094838
676,1.8943210435994473,49.06598869329268
677,6.9609236816149505,43.67590376813071
684,4.134746311505937,47.64235842813217
685,5.220846728046279,46.96180234179831
686,1.1898918406603523,49.34282451124707
687,-1.562540326324326,48.069190505492095
688,0.5501306230914809,47.93138955949207
689,-0.8988293049186638,48.98095681877446
693,-0.9351212972831453,48.31307489903901
694,-2.53255460772141,47.588591994413676
695,5.48921297167295,48.01673592427195
696,0.9882766218019441,48.61017406084868
703,1.8996663965023064,50.470482266550654
706,2.098220149429822,49.50178522458677
712,7.067663593284838,47.77031547322379
716,-1.3057218841168376,43.95906199882102
719,-2.7879612253277437,48.32618816065398
720,6.799768836357451,45.26253120785685
722,3.6699279203184716,44.858846252634535
723,1.9426119603319334,45.61305979663872
724,3.6725619338042925,46.129156005923484
727,2.252759870814164,45.7999653892762
731,6.538287472680997,46.18675756182965
735,-0.5828867845046046,44.76781243790257
736,7.577478215850581,48.905711714991625
738,-1.973999707035789,47.486017396665034
739,-0.35179754659819906,47.626629390231685
740,0.9413487111320968,45.14008778836484
745,-1.419906940801397,49.57792390871231
746,1.7459256773519654,49.11738223704102
749,1.4693325533011343,48.44211133064361
750,1.7673485182585749,43.096959129658444
755,2.162573134746105,48.45877060164415
758,2.2300328205839914,43.56046573896631
766,1.8843410776711869,46.84223098599962
771,1.6126843155455086,46.95875556156959
772,0.26640188398305753,48.04175646703045
773,3.2866738134110083,44.828373911252946
776,5.086334335587528,47.293200625109534
777,0.2718784530748275,44.31244498755666
780,2.839478166729309,45.34242785181334
783,4.920976893075208,47.96106427135882
784,4.420314696630767,49.55360341463029
786,3.6847713595292397,46.2010736953687
788,-3.3810060466313914,48.784534785728155
789,-1.3422468066214002,49.19449377902742
790,1.417795699881574,47.86582773396513
795,-0.8669590898175787,46.9686996412534
797,5.396128411734757,44.39546813794125
799,1.7001773138819711,44.41954473395232
800,3.5898782322058214,49.0387770297549
802,0.9547005794789314,48.71902393603751
803,-1.0398168761578725,45.75804093351066
805,4.329766204272451,46.26780284677576
806,-1.496703973834165,46.96413205185682
807,6.150427669786003,44.07903316461141
809,1.0286019006108376,44.34172986486309
811,-1.8770516010903315,47.83396858899295
813,5.108426571958811,46.23681303751024
815,1.2635419378808734,48.2731967074498
820,0.712332059026985,42.96076151672405
822,1.3771432670701564,45.14397048175779
825,5.428422032259483,46.51151289237283
826,4.523326854561818,44.644077721098604
827,3.481485304581156,47.52288181854432
828,6.721669266823618,44.980885238179674
832,0.2787905533892694,42.941790221724375
834,6.259642843031738,49.01726012547043
835,-1.3887581816845294,43.323025072479204
836,5.641049420511845,46.39093917819199
838,-1.0781278570945645,46.45186619901653
843,3.0591304962072368,46.90446868277108
844,1.4487687828344233,45.126282956469566
845,4.153854448196498,43.65988251976112
847,0.8222334166177374,43.23433358962054
851,2.877952674689551,43.57361657238628
854,2.0797641120168455,43.75864811435149
855,-0.08279632023929029,45.03339159072448
857,4.334707300048898,49.19008306759376
862,3.107223245075833,49.33932396299305
863,1.4692855637338802,48.164008179317605
866,5.606397710388892,46.280185042737024
874,-1.0093294929427978,49.3394058387901
876,1.816995189404719,47.95866423620636
877,-1.1758489488199722,46.60454340886515
880,4.169642545763153,45.81743766757826
881,4.501407249056317,43.93944738649421
883,-3.5871290075362374,48.555909568461786
884,4.682507272694444,44.890153270235565
886,-4.1645909158914876,48.351252498895484
887,1.4979256328412482,43.72785383551262
892,-0.9503384615838115,48.004989758773775
895,2.956522667588578,45.71968125263095
901,1.5692881524434172,45.01179020756896
903,1.3362963686697809,46.772554179745484
906,5.501234609386858,48.069891037516804
908,2.623086115992807,42.939180278135304
909,-0.6405379401099687,43.448874980652235
912,4.324168127021229,47.181905250466684
916,4.613770539058738,45.797284418314476
917,-0.6877086868707805,44.738106822363186
921,5.265466966249065,45.410674840621994
924,2.3537930259763185,44.07375444735969
926,1.9084297851322427,44.503447086959326
927,0.7258909884228677,49.071619236917236
928,-1.9988244243518354,47.72556451271585
930,2.5920211285739745,50.44949554045763
932,6.660346500127849,47.54148550895437
933,2.778987282275388,49.7106813495957
934,-0.15263411122647152,48.13069831197526
936,2.20035454037472,47.753201277773776
939,2.133653173730666,49.394924660867076
942,1.6239152098366754,49.892829083057926
943,2.5224949119737046,43.20383460794208
946,0.7176904533645896,46.64049843561735
949,6.863023053320225,45.4954280931841
951,4.690980265453131,47.97908897058547
952,2.8411813874367624,48.45732952999242
953,3.852028107871952,46.85766163570428
954,7.386895847127246,48.831072286295914
957,3.2065978525056718,48.795169176956385
959,0.6867520840521788,45.82433985627754
960,-1.3996803221509326,46.90209434606325
962,4.049595315628563,46.50839558904616
964,0.4193746719774394,49.71656991516916
965,0.7562780681924055,44.932561780738745
966,4.038226912525046,47.63804237513293
969,-0.7481738571773242,46.15620102802742
973,-1.1536880014092858,44.96725264528186
977,2.1576160374255924,49.86221003521126
979,2.575207071167684,49.26746754366844
980,3.2289700162460093,44.969234538394964
984,2.029013984036612,50.53565061759592
990,0.26026869300882094,46.13758916679875
995,-0.23738559821803662,43.47678884653987
997,0.13387057184830908,48.93698833833109
998,4.860839107864315,47.763011565447414
1000,6.5143380837281235,45.10161285894953
1001,3.9999264364550005,47.0978489952417
1002,3.172617372995317,47.883316260897935
1004,6.8171604256902185,44.57259841966129
1006,4.172443905692699,48.110201139952004
1007,3.4058035961972752,46.238941062358016
1009,-1.0754989246612876,48.112009220920584
1010,0.15743497660146488,44.88165536108605
1016,0.6728276797850548,48.24652102997054
1018,2.7703110395069652,45.02272273266253
1021,3.889595577249125,44.013484553476786
1023,4.9061780656917655,45.84317044546222
1024,2.5392237197231093,46.01941402104371
1025,4.085041203317882,49.617147614501235
1026,-0.4605839444940738,42.92008072132712
1028,2.1285329075702064,48.60609576038341
1029,3.5951856147268906,44.203910669024204
1037,7.268785575995752,47.634303416001735
1038,-0.33999340878380124,45.61694819643332
1040,-4.343905654841312,48.27907718675902
1041,-3.778756468944291,48.65408230275162
1043,6.439697046820612,44.745572866812225
1044,5.5056511361654845,48.32026743126045
1046,5.268690894396348,47.94237015058192
1047,6.057562724854462,48.797398808961326
1050,0.8202674783233403,49.67336100836694
1052,2.4649865790395733,43.76887961700474
1053,2.099039414815018,49.404764380172146
1055,3.0934017276587156,44.690509573144716
1057,1.5210097687430526,48.47743563896982
1058,5.377662521320657,45.01381449387552
1061,1.4923349609340688,48.24755452289195
1062,1.1768980744406043,48.07664489361273
1063,6.326528567499034,46.11691891966091
1066,-1.0438717274412141,44.58848174834924
1068,5.4028779507684455,45.37933754864098
1069,4.118345660416733,45.51694109273622
1071,-2.123426755175112,47.409524120662674
1073,2.319135193641224,43.643593926822234
1075,4.612768529993653,48.73841681451324
1080,1.6239661645749308,48.4418904531399
1081,3.207167272609878,47.323335471861455
1082,3.6082549716182104,45.44397815051203
1085,-0.8133197043250107,45.87542754832931
1089,-3.067786647237532,48.71926584569188
1090,2.857261703302978,46.11380775226373
1092,-0.6675580779485122,43.781092620262626
1093,6.070600148450955,44.861710181189984
1094,5.0176466383161795,47.71081512051234
1095,6.110761313282735,44.08925108667466
1098,5.997802002188411,47.235562791393576
1102,2.283979142153342,45.57700453538784
1103,5.197603799444561,49.32734390099331
1104,-0.22538844062805286,48.21863596523923
1106,-4.77584081914088,48.41646450112019
1107,-1.9194090994516788,47.63244167348949
1109,2.064502096406388,43.80756021320179
1113,-1.0831188252617698,43.39343547735643
1115,-0.12349963079510573,46.156822244816574
1117,3.2344276755853656,49.903058179341656
1119,2.511695154069053,49.36163318408744
1123,6.0205754923492165,46.5305346765553
1126,-0.7741020546398341,45.61878122686873
1132,1.3144249199051616,43.25029203584234
1133,-0.0979347038731424,42.962817719614264
1134,-1.0573524013429818,46.81454888400526
1137,7.155280301683584,47.52772149404409
1143,2.6937630338151495,50.130072696554066
1155,-1.055840826394868,45.04304298620902
1157,-0.8623829868969235,43.05447085389297
1158,-1.8780220438883157,48.360397414775754
1160,4.7589897166572825,49.062354058543406
1162,-2.882009253325216,47.93387446466314
1163,-3.512601078188792,48.12407882869872
1167,1.7423855781955453,47.649792611326845
1168,3.902459628938347,46.22836068116011
1169,-2.192980549807858,47.57724657904812
1170,5.088209021017697,49.37785541468862
1175,2.0660525052763283,45.86071812165619
1176,2.548202831095475,47.457809321610796
1177,-2.418056036766064,48.59737661192711
1179,-1.3018509029336958,43.4079720975268
1182,1.2158310850364158,42.86366344896344
1183,2.219503933102449,46.03857876465666
1185,-3.5460941624325413,48.183457059835376
1188,2.7600801774247508,44.0656342087317
1193,2.731821347697709,45.434608562457534
1195,0.02783865709374389,42.81216952998906
1197,1.5320699022857944,44.42603657707342
1199,-4.091785789051867,47.91006251867984
1205,-0.5160838305825255,47.92654555543765
1209,-1.0424640185205964,44.69737910505488
1211,3.0004889075479415,44.1030340659795
1212,0.09193716272473562,47.26546891793402
1213,5.277375526827834,44.56609741822216
1214,4.78140278846006,45.74804875235398
1218,4.441003030124508,44.85838084602002
1225,5.276794605427604,47.15583665599556
1227,-1.9524554454599619,48.14684519671488
1234,6.1789786963896365,43.31788137545687
1238,7.090025291023826,48.295358727519115
1239,-0.014133705174863564,44.61814774753273
1240,4.225320395465076,48.579931128502544
1241,5.256371323456969,45.08194762673181
1245,-0.34108086798308346,45.812408389377545
1253,5.829682669144681,43.59966272046966
1255,5.987358327123308,46.699205661911584
1259,7.47468061893445,48.13932944552187
1266,4.208233125506114,48.11885507153335
1267,0.28638878106312493,46.926751569340055
1269,7.380863067136973,47.786277609945884
1272,1.5218492570391255,47.17259469361182
1278,4.601235008809184,49.90951631382956
1279,1.2426143899400124,46.17120659447362
1280,3.322522173590464,48.90011075870958
1281,0.8878415142873761,46.325795258821934
1283,5.9560441596403635,48.04034067749633
1292,3.548826534567864,47.678349112577074
1293,0.6020790779993597,43.372994791886235
1294,5.267376007268808,43.69536083876258
1298,-3.8087082660557527,48.3328516614131
1299,-0.06150241107304577,43.713150974217484
1303,3.5103833988433877,43.42852340655602
1308,-0.4997630177455914,49.009642540977865
1311,7.076576460206175,47.91317079935216
1312,1.4886935785025601,42.74536245636348
1313,2.246561849126965,50.52380500137822
1316,-2.4663349133539794,48.612902748752234
1318,5.239427093132251,48.40705716673419
1321,6.043846203961023,47.54161760403714
1322,3.0146316701639613,50.74794805881246
1326,5.240082392202176,43.96325467043857
1327,-1.0535946971570116,43.93207297014123
1328,1.0798125108714505,45.158346319507245
1331,0.309357365609646,47.05088840564721
1335,-0.831374217635986,45.91499301664216
1339,2.6368811328221344,42.60383589102121
1340,-1.6769226416358216,47.65383279559348
1345,4.949340236233951,49.70475266661335
1348,3.4063572844252317,46.8330977151896
1351,-0.38308064559866306,43.317621599779805
1354,-0.9809117974658363,48.27856322462382
1356,-0.6392045996098652,46.714896655344276
1357,3.362687463110378,48.087471060825976
1358,1.4135618933721714,43.715338716477135
1360,2.5622072672126484,49.0969846433333
1361,5.984800590403291,43.12487266767661
1363,6.233643610611988,45.543533596854516
1364,1.8241004376121772,47.76736032491473
1365,5.5346059787033965,46.41782719599732
1369,5.49182470501785,48.70932992252502
1371,0.7368916667469483,43.286155511494236
1372,3.173050227686998,44.59638390774898
1375,-1.6254938887168566,49.27920798576457
1377,5.155741445312817,46.69176574831516
1379,0.6825654502877949,49.40886124058099
1381,-0.39960515237027217,48.89760176859234
1383,3.4668576053675135,44.2467729138204
1389,-1.5669015249121143,49.3046534357573
1391,4.568411141472279,46.64420784701286
1395,1.448224491352514,47.046323957652625
1396,5.597603634304701,48.41832641405982
1400,2.1515479709125707,46.679376758815984
1405,6.216267790785768,45.77038327996314
1406,2.6427227229781707,49.55946650936559
1412,3.465926063059742,48.593644903753166
1413,3.4115347035476784,48.39786841576214
1414,7.079080668470391,49.042805564336845
1421,4.241360410194501,45.63399203314084
1422,1.2740888225760125,48.2142353890641
1424,4.76234898584133,45.10046623362786
1429,-1.853876530136969,48.41321948402294
1430,3.232202840812553,43.34122205087618
1431,5.3891646058605005,43.90562012515309
1432,3.359912384044284,48.59935857602007
1434,5.1547170215416624,43.486695966540964
1436,-1.1099827453675983,43.79989435157691
1439,-2.311047091743142,47.430034578035745
1445,3.6646386342397115,49.548845486606
1446,-0.6903428211145677,47.56551762571052
1448,7.249293677579075,49.04837725609599
1449,4.1451678493824815,43.92242881138482
1450,-4.031370494336818,48.033783357275354
1452,3.9527635074664325,44.403863984518246
1460,0.0404448687183816,43.414023598596614
1461,6.885866716722029,48.838697606121
1463,2.9372588411296103,44.031035694577895
1465,5.443384666454227,49.20455917594052
1468,4.6336613048870365,47.185747846172504
1469,1.12029237112524,45.76103821537031
1470,-0.44901191960025777,43.80992353838597
1472,6.1042043544656295,47.41391507358341
1476,0.5465090965188821,49.655737603997395
1478,3.6372933768885396,48.0131377764981
1479,5.5149187297667375,47.533199522705424
1481,2.577301712757879,49.19296486977785
1483,-0.3909001044760654,44.25632877255726
1484,-1.2466140232684628,43.83183308808798
1486,3.758203856729301,46.72504054779624
1489,1.5479458945107583,48.42855140892534
1490,6.656755214390191,44.30619726287511
1492,4.564230840176746,45.24374414375493
1493,6.898058242740788,48.99598193583985
1495,3.373977471310507,47.434768370584635
1496,-0.3317747895816954,45.51815350733377
1497,0.9182895979911567,46.27664141927998
1498,-0.6799906418420818,42.95434692996356
1500,0.777973825098103,43.32559113268993
1502,-3.4996683336883114,47.82212718953632
1503,0.9351935636167914,44.14196473428295
1505,0.20685564114844812,47.07845462765928
1511,1.128253602388038,45.518533144774686
1512,-1.1348264570313145,44.06162491695191
1513,3.1365682010377807,45.48244746368331
1514,6.783385258881516,45.88650206178454
1518,3.0624448657241157,44.80038150545331
1519,0.24873647444968228,44.22091118475364
1524,0.10232848301028241,45.48581496767716
1526,6.617736820611391,47.64217644294417
1527,-1.0168853270768317,48.51693107145297
1533,5.874650414604272,45.024495412046235
1536,0.31836633033161377,44.700787592779704
1537,3.827551194563549,48.94697965570147
1538,2.669295082793731,46.419307523722594
1540,1.2729610028383407,44.69063644042277
1541,3.8501945948800262,46.57017847687708
1543,5.814311176999762,46.24838044756942
1545,6.79485596376589,44.185845489074374
1546,-3.61132298072891,48.30953984942909
1547,1.649358015161721,46.9713130825229
1548,4.476299390947055,46.27348489520334
1550,7.3723052695797,48.88004985273701
1552,2.399191319410117,44.23051502786237
1553,-0.0562986650442312,45.209429359937324
1556,2.126944003481757,50.00894647784966
1559,-0.27958334694242826,44.09866002957006
1560,5.41154606808173,44.60372803882942
1561,0.14877293275578918,49.486561422622984
1562,2.5378654993303833,43.81231485170425
1563,4.484345787652126,43.774549009157774
1564,3.5204037446163934,46.96619533458861
1567,0.9042893071720748,47.901018314151436
1568,-1.8155730124747018,47.58473094114995
1570,6.473109501087196,46.29266015081471
1573,4.560582294725455,46.61586378228256
1574,1.1475845867469054,47.81160428368407
1576,5.52824451469699,44.19152758634203
1580,3.5470957103208516,48.60777298724688
1581,-1.0673532143761655,48.53440965426643
1582,0.7986676259214152,44.5827515855975
1586,4.983618644966985,46.8942639321171
1587,6.692012686095589,47.17749556957242
1588,5.429212332368451,46.67558322668886
1590,1.586449166339123,44.838192945439765
1592,5.851487912106844,47.034706547472794
1593,-1.6484351945276208,46.526426298116306
1601,-1.251511675327631,47.58691267098521
1604,0.7969405906503075,48.830806966533714
1606,0.5621578568745669,47.347974672720746
1610,7.271808371729032,48.65206487902772
1612,3.3760920561567644,50.04878806935943
1613,4.54814818538094,49.06388503415593
1614,2.7217326742044197,48.78400659335249
1616,1.2099605904715958,45.71086574595275
1617,4.425740346829404,48.34157664598617
1620,2.8254250285390814,46.1364599753703
1622,6.051030007410857,44.066576763389705
1623,5.244456958468497,48.496875843719096
1624,0.6139967140288896,44.66101110626148
1625,7.372744144842912,47.84600870487056
1627,1.2964424593518133,42.808655779771115
1628,3.246855006156135,44.26425022706221
1629,4.843592358755245,45.614626016109824
1630,6.455485363687661,43.40675840685092
1631,1.407508483305035,47.37064802673622
1634,5.468014431190571,44.25126428714012
1635,5.842149113606551,45.815939157570234
1642,2.498508056874253,45.156630156677934
1645,6.137363767098195,45.03304763420325
1647,2.0952733300217927,46.91591339146966
1648,2.472508892021919,48.25954269839651
1649,4.480641568591826,43.78512520706678
1651,0.46764809856876965,49.711494700607055
1653,3.572273652344153,48.3937623098988
1655,4.945136885758483,44.95349247050655
1657,1.778717670784049,46.990350666073255
1659,2.9500266519518163,48.47599731118491
1661,6.015046549124694,47.27521892632538
1663,-0.6348377598440615,44.39837384108549
1672,-0.9200337322057326,47.30954694715044
1673,5.382812170952038,48.128284625629625
1674,0.24513798655194385,49.71352713135493
1675,7.549698977335543,47.61592292239829
1680,-3.2746297915107387,48.724944249785324
1681,0.8888204430320856,49.80893755712146
1682,3.307862202750936,48.64444534136134
1683,2.524963149605753,45.705772549411094
1687,-0.4201407892936775,48.472989738993704
1690,2.6986022852584544,44.30501662478294
1692,2.8052913573412894,49.02655520509785
1693,1.904166368670496,43.5496916306992
1695,3.450912477280422,47.14533828786224
1696,3.9748278412813267,47.99854675060124
1697,1.5131420559177071,49.06654883087183
1699,-4.260726134363275,48.64791908011729
1700,-0.34035351872777486,48.27024469550018
1701,1.917484708304098,50.09171406269233
1702,-0.30092501480477196,48.89838349098766
1705,6.235177349337283,44.05971396036725
1707,4.611450728061845,44.71004950749982
1709,-0.8527189712838643,46.765832640744925
1712,6.632837403552429,45.956069346029906
1719,0.4280502277938254,44.115849716654544
1723,-1.7325557434436298,48.47054440906596
1724,-0.26677103931263435,44.4213135043331
1725,4.069515862080159,49.663235444137875
1726,5.847425954224551,45.45099333927864
1727,1.9521130599273722,50.59756407561707
1729,7.6861757622532565,48.946958435300886
1731,0.1648617719363381,47.709515603369056
1733,2.5322423773199967,48.400578144112636
1734,1.8633225605185189,48.459164580158884
1738,-1.678382596251554,47.3028243607686
1739,1.7410798563494732,50.60570668831078
1740,1.7428031531935497,42.91231890136061
1742,3.337016360996275,45.71953176621533
1743,0.5972236936188464,48.092924786244026
1746,0.47754008224293987,42.93931568355381
1748,4.009610950121763,48.94634506889095
1749,0.3242671039632299,49.01876578804221
1754,5.9466739440065215,47.3824980696174
1756,0.3400201566564309,45.307820054879656
1757,1.4296593204959223,44.629926066120184
1758,2.209082798242676,50.47502574487831
1761,3.6539916126295893,45.079068940668186
1764,5.0350097417215345,47.843167936003965
1765,2.5172109939889467,47.47668464910137
1766,3.1356244121552717,42.452307412647826
1768,-1.0926583255318505,46.69252778710609
1773,0.035330923481883936,48.40841808781263
1774,1.5293472831243484,44.63944050815372
1777,2.608912627028243,49.458115429011556
1781,6.429513559664379,48.29951158023383
1782,-1.1558823449288198,47.32092551130021
1783,-0.6828045923178854,49.025782785540635
1784,1.2117311295844573,45.941063071984104
1785,1.8704188802461985,49.82301795302431
1787,6.088644371342349,49.338640896268075
1790,-1.217616851952879,45.792242032541246
1791,5.245296170145476,43.36364606378702
1792,2.6919816366478324,48.6562749675272
1798,6.817639787302037,44.36228760752328
1800,3.3333576878571236,43.777321634020105
1806,1.764715213541006,43.33757848496181
1809,3.1005898762723234,44.46014620763033
1811,1.066311714365118,43.460054213230286
1813,1.581935796312135,44.46813353162275
1814,-3.588270868938341,47.921310296669795
1816,-1.473393258599002,47.91379110992602
1817,2.8921591324842097,45.698830464812104
1818,4.198751603658035,49.40290319786389
1819,1.8591292552615677,47.74418677732445
1821,-0.09321044312678417,44.756504692869996
1824,4.565086246224819,48.699047101834466
1825,0.5064209636954313,49.231902897628636
1828,-0.5101063998271353,43.043399852924395
1829,6.008088473079377,43.54574756298763
1831,0.5170732372278941,49.25985276967159
1833,4.783856309219745,43.48113601214454
1841,0.712175751962481,47.782674165521854
1845,2.4914299811474088,46.928408835495176
1847,4.152409842039532,44.79530018333563
1848,3.7254488993733936,46.26420711939888
1850,6.940645376224191,46.011995540951624
1853,2.1223028338789307,49.07402630727323
1854,1.8119568951045713,44.832525717605
1859,-0.5857830065006526,47.526845605019766
1864,2.7400432152106458,42.851726825262574
1867,0.11404583823115022,44.250136029282956
1871,-1.1335928472742083,45.77216298439756
1872,4.7789627203745155,46.426437063990306
1873,0.09035412943175203,48.35455963059912
1875,0.34290190804909315,47.507966237980725
1878,1.7315381382140353,44.26669510424976
1880,3.2926023457792173,49.497384364164276
1881,0.7255960129308869,48.50969795118114
1882,2.7777725485960936,50.10330162779677
1886,2.8101684674787553,42.915856231061504
1887,2.0442141558506135,43.631688224653196
1889,6.41570789680843,45.00096731398232
1890,5.057595405150872,43.86942529111254
1891,-0.9543254412409059,45.379726602551436
1901,1.597668895442828,42.86059135003631
1905,-1.3971702360889644,46.964484536789406
1906,1.101263332134499,48.34250184796936
1909,1.656343317795435,46.38355117487752
1910,7.504457912335891,49.024253260339535
1911,6.9678186421848896,48.86269160425211
1914,3.130915700865012,45.05814429442453
1916,6.467721327623529,48.82273264375079
1917,-0.30358330835766,43.95178012669132
1918,5.426916262687836,48.304566755585064
1920,-0.44411066100204355,47.34262424275033
1921,4.337316338534993,47.0582075498308
1928,-1.710838595000817,49.5310747903294
1930,1.4027456072282956,44.32844544346629
1931,-1.1355657116482378,43.73296747801243
1933,4.775437450077037,49.319046065086056
1934,-2.2849537740608503,47.70674840757072
1936,3.1425080429718317,46.851932793907785
1941,-0.8155221219054534,48.39385367772694
1946,4.376732887652095,45.894216385065576
1948,-1.0521636051588104,47.464062502497725
1949,-0.0905989045541924,46.11485973763695
1951,2.659398889884031,50.28107469223654
1953,2.2022514915155638,42.77326035531286
1956,4.745094147226281,44.734742057943656
1962,-0.22154460443453416,48.29645284470848
1963,-0.6155495951036336,48.12619819434522
1964,0.5477105213547651,44.55149580700246
1965,1.3921245280148877,48.14389908886489
1966,0.8985743563775177,46.67291583123934
1967,-3.737716740403702,48.35890701474138
1968,-0.24527374641042776,46.82166185392025
1971,3.597688776595687,47.378738780536146
1973,-0.8895016450877264,43.880788343671725
1974,3.649889770150404,43.660309733400105
1975,-1.226006962991541,46.53226288466072
1976,2.5118167173879637,50.290117683595625
1977,1.3660524679175001,48.63866239011435
1978,3.9299126641735143,48.80735546736052
1980,-0.993180667197171,47.99338715653308
1982,4.36134721316863,47.9175548378787
1985,1.2323031741216885,45.00733163365239
1986,4.710418908263707,46.5150546366173
1988,-0.403758886114713,48.17623661513466
2006,5.6827979018991535,49.0231868429437
2008,6.8248610460081345,43.531241040582955
2012,-1.4247211828123025,47.10122859279831
2014,6.7697496910954555,43.7575534074778
2015,-1.4226031284278422,47.4327788993927
2016,3.07067800838149,46.41138400003851
2018,1.6716056095126035,49.043638332944425
2023,-0.013419278614692942,43.9389118592549
2025,2.80064707210541,44.59504379934448
2027,2.0551383964225476,46.59831532410309
2029,4.402592690861594,49.55241168622521
2030,2.616408422553901,43.54333411324374
2031,3.20702393302272,44.916384461033935
2033,2.5948534149954954,43.431590970630005
2034,-0.91488343742897,44.01187646440048
2037,0.3937482219476012,49.766555541313096
2040,5.8586320039629385,47.38619221535327
2041,3.6383061440363385,46.727768705344594
2044,-3.0517560409871245,48.7299912687345
2045,0.5775806541985498,45.68806837979279
2047,6.392643050896398,44.45458885859802
2048,1.6137034616079342,47.1473520759997
2064,3.657592310887674,50.34679413128231
2066,0.541895276776132,46.78376336369466
2067,-1.2483796217811594,47.972185900580925
2068,1.959063001408123,49.29037773318377
2069,0.9949639532585639,46.886603554946056
2076,3.6523891652874934,49.224884774080024
2081,-0.630019890143589,44.84090701182647
2083,0.12389503377263811,45.93997851071309
2089,4.446178955363928,46.89540734563038
2092,5.971491394251901,43.15899961938041
2096,2.114271119920267,47.88365157900024
2100,3.9905948482725293,43.68370863537445
2102,5.154880934888391,46.20370739915859
2105,-0.029028792782106905,45.566338459719844
2107,-0.6434012552000361,44.864763794570095
2109,3.19824488039332,45.06268671238555
2112,2.0849302049464686,50.40522537822831
2113,4.348585499364365,49.79119994374537
2115,2.1534547906212005,50.41472423892494
2119,2.2936033692997544,48.448317976679064
2122,-0.02364034041765617,49.025688962522814
2124,1.9460102696645416,49.99352945985955
2125,6.181015127983985,48.14208023136481
2126,5.748379377094107,48.70110488319432
2140,5.076711463256498,46.50301404129377
2141,2.5337851471635835,49.790913897388776
2143,6.127928099828621,45.75439586542801
2145,-0.15826314045931245,44.72317200404978
2146,1.0781518402994577,43.79808102062725
2147,2.7276178440993304,45.683056633999676
2149,5.853829765950364,48.93585747722419
2153,-0.02924026306533012,46.33506627146077
2154,5.958759093926396,43.63483718389127
2155,-1.2718481118234415,49.04911698853834
2156,7.555270246032114,47.621041164490514
2160,4.7770924642631005,49.87035630981381
2161,5.840956693276702,46.199384090783965
2163,-1.4184648532731878,47.23396097593375
2165,0.4513552504362348,48.345880398221084
2166,6.326111067002675,48.99242723739306
2167,6.39272597646498,45.58936468656847
2170,0.11715734869151273,46.11960585018497
2173,-0.41009814259530053,48.035208656014746
2176,5.251244812080801,44.811693908187856
2177,4.975943964761591,45.374960505617466
2178,0.8087770483262968,43.06450651449099
2181,4.023736834547867,48.163765571613325
2184,2.266011771925183,50.05080566951143
2185,7.017393170116289,49.09568047718664
2186,-0.5466145444041057,43.642608413287384
2187,1.5327068796571899,45.023772342632434
2191,2.7529584850102014,47.48916891544223
2192,4.605601243180189,45.423488343048845
2193,6.499814713440784,48.21332724516157
2195,1.6507883671850783,45.16753075474665
2196,1.7282796519650736,45.27186841313036
2201,-1.38225259636812,48.31940780011865
2202,4.079304004574595,47.656288190574614
2206,4.959816894495704,49.39433716598119
2208,3.011869312727777,48.235187212453894
2215,5.5044815389034945,45.50453426318134
2217,0.4584771079168286,45.77373884882073
2218,5.406609920007238,46.837602522547705
2223,5.259489714299679,43.617533062208636
2225,-1.3886841667221277,43.8028768418591
2227,0.17694179943229216,48.35131051734746
2231,2.6545427692451904,45.54794156932953
2235,3.51371263151524,48.51566639416427
2237,3.4469134743672,45.06464435244923
2238,5.42417861048378,47.89142881505253
2242,2.607596348818423,43.95768175370651
2247,-4.052401360715636,48.243982102233794
2254,-0.2551032028258424,43.824570687957085
2255,1.0900624855906385,49.41036543919954
2263,5.987041511803298,46.2487435104426
2264,3.86913826884723,44.767069655469115
2265,0.17880859049722808,43.335642558660965
2266,3.608169848265403,46.84938971075656
2269,4.615246382726577,44.71971053099537
2270,6.529600946474314,44.46746936055395
2273,6.076838601703489,45.37138378127851
2275,3.3711814872469947,44.70456567414935
2276,5.029102567820782,47.61415390262464
2278,1.4050531015002354,46.66566137113856
2282,5.810877147160637,46.44532941567202
2283,5.003816869763549,44.59624742141361
2284,1.2547984122396665,45.59053735918744
2286,4.828318590937689,49.180377645740116
2289,6.990486194374803,43.70946822612405
2292,4.124709553413343,49.47832384861079
2295,7.652061420845866,49.0022178685253
2297,2.049094242282443,42.95575614773662
2298,4.594748005982872,46.86872707821555
2300,-0.6938067982545775,48.46864012896805
2301,0.6841696036327152,47.188378112813375
2302,-0.4571546551402017,45.57600833633314
2305,2.3817390509295695,43.87073169786705
2307,6.0779398972637715,44.15881287397753
2310,3.6643466151677018,47.68765166636301
2311,3.0913094059181585,50.461474128604664
2312,1.484830506082246,47.36581287607783
2315,5.132717890663772,46.653193194648296
2317,5.163645605799692,46.72193927733397
2320,0.5661478977212191,43.37857558332409
2321,-1.8187047311600089,47.288298497967894
2323,4.638916001812241,47.83520403025469
2325,5.9945176295751725,44.128011970523374
2327,1.8368667423897254,50.286657552983584
2331,1.2069493100520114,44.06486110694887
2334,2.054022568688513,45.8499166821439
2337,-1.1615009055019851,44.797164151962065
2338,5.0257914956064145,48.127331122073336
2339,0.5276190784511021,46.301185570526684
2342,4.7264325260667395,47.11074507645783
2343,3.52858218440549,46.90504897953741
2344,-3.31400718586059,48.45731590375787
2345,4.5124053848365495,43.77153603763509
2346,3.259479304657912,45.56519389258262
2347,0.11347974579256093,47.6487241759021
2348,6.219623810441204,44.27804350541853
2350,5.579664799851836,47.51017933478043
2358,7.121102700757168,48.58223827277192
2361,4.444772875117607,46.47817884407159
2362,2.308194206014618,47.01960751652114
2367,5.389718104163162,47.3650701652046
2371,4.628723841269091,46.3903853838276
2376,1.8607670149953428,45.82458473382791
2377,0.3302565595880447,45.7533373646596
2379,5.202251420721314,48.513671677373814
2381,0.4277851168301172,45.53295119766093
2385,2.920806900152618,49.588970426329716
2388,5.70416798300676,46.50379379907415
2389,-0.3364207067956544,47.4357856891241
2394,7.513402234175944,48.7431190544402
2396,1.8399711515276103,50.3867621228345
2397,-0.434149152059347,48.78999886893689
2398,5.483507851551005,45.12336452159584
2403,4.5907709134238,48.188988515762055
2410,5.747619993721369,49.36987244521521
2411,4.378444161512165,44.18661442297081
2413,4.377590168328247,48.869406024532935
2415,3.887110226431865,43.96089797611477
2418,6.5784122980369535,47.40974130467662
2419,3.875784976441434,49.3887902941139
2420,5.042326202348985,46.80003842832304
2421,7.266299867291226,48.67335607791257
2422,0.6898300082617963,43.37528155685898
2424,6.137935032592955,46.719348376211
2426,-3.7299322474746734,48.00154193204532
2427,1.3156086165291123,49.636067237812505
2432,-0.9628004484921737,47.221830198556795
2435,1.850357835706487,49.335645554302914
2438,5.870802043276914,47.26228379012851
2439,1.4178325347929004,46.042536463167565
2441,2.283014931022456,45.166828250329736
2444,3.849202950124077,44.98653119112864
2449,1.9351945841693023,50.97366792208039
2450,0.6264872201564442,45.030133168476354
2452,-1.4682340664258944,48.88170012182475
2453,6.4149933186543375,44.35466572317401
2455,1.98224250569542,48.90635793622451
2456,2.073804608601698,47.82946418238294
2458,4.400738021296876,49.62402830648602
2460,5.7573605843636475,43.729393918416235
2464,5.696854042378076,47.993129083569436
2465,6.480123081565674,46.242089767352475
2467,0.39896351813496,48.69347942318987
2468,-0.057956438835677915,48.151134877283596
2469,5.864354146938593,47.45532133949061
2474,3.0448876797020734,42.864932207583976
2478,1.42619589131181,46.53058650303826
2481,3.577772160237501,47.5711096075877
2484,7.45601314678153,48.96670305981452
2485,1.9233114584133597,45.06868528549154
2486,3.816954595130582,46.696836044070565
2488,0.3719258536071042,43.8540380108958
2489,-1.137695178464802,48.0736531936882
2490,2.7105182865561606,46.694103507186384
2492,3.3375351221072425,43.99254023174303
2493,-1.3396649631262774,47.43347102533078
2494,3.7933289179801015,44.99760058996988
2495,0.07265848076345005,47.45222254446142
2496,-1.3040937515289013,46.76037666100499
2498,5.738573035002913,45.388182148419396
2499,1.033235517987075,47.32371657917542
2504,3.021633017155221,49.069962001790195
2507,2.2617096870994295,49.663125061674194
2508,1.0250499471681938,49.635347078853385
2515,3.669049147350263,47.465143669239325
2517,-3.7457852651069348,48.21029233282948
2518,7.581366294824173,48.30396523388687
2521,-0.21939088314565858,43.28671953702914
2523,1.5859715545302109,48.32488901821526
2527,0.3556044473034792,49.75418620440291
2530,1.232720558774555,49.17311151350021
2531,2.668928493312639,50.446880435600164
2542,8.044115782166404,48.907748354937986
2544,2.2826709876290714,45.86721245968376
2546,1.198316031463535,43.67831506484932
2547,4.86202570826009,44.88471413729509
2548,4.071879231823468,48.85063031209922
2550,6.124470018928692,48.47810732585086
2553,3.2820208402258757,50.2509402974986
2555,4.334481341728592,44.82664333080383
2563,5.95096989519859,44.26474673416667
2566,3.42789942915787,50.14688394903051
2568,5.419047034847514,45.32687228170877
2569,3.5501850634674135,49.1201366989288
2571,2.0541634995989915,45.80777018018151
2573,-3.324033446279717,47.970390551555475
2574,-2.6000693540289435,47.580563416418926
2576,1.4107630944771454,48.9579510745291
2578,3.441979449409244,44.03577033158204
2580,-0.5655174500789508,48.470150762572786
2581,3.0163983698844756,45.281123126764236
2584,-0.3451751528476201,44.84199241444985
2586,-1.1309074227407692,44.21307571945763
2588,0.09132301016786926,48.85216885148531
2589,-0.7459744729736899,49.07502448348764
2590,6.0825614715690985,46.74592908192911
2592,-1.398860119249361,49.056118172221055
2593,-2.980354639635078,48.32713182920803
2595,1.6460285096819653,45.34855033582257
2596,7.758246077581951,48.650514633614485
2598,3.254412019034014,44.656776560353336
2600,4.695480298204226,43.54573255508762
2601,6.795941462969731,45.828124866240636
2602,1.976975355188845,43.49706847251945
2604,0.21133022544642266,43.00553051607369
2606,5.803296458805631,44.341220589196304
2616,3.630629696494392,43.519540501630075
2618,2.439510766285701,42.89165723337316
2619,4.895362746640007,46.6074761467058
2621,-2.0082680656313356,47.78646229773006
2622,4.237497872558324,47.31322687029947
2623,1.4941033328555333,46.040721837904805
2624,5.154024346268574,43.59777902735825
2625,0.33704106796770716,45.89935763745093
2626,4.664505386012177,44.843970236326605
2627,5.321887719273983,45.00980420268651
2628,3.2904173302386504,45.83384650089913
2629,0.027353765591167978,44.672082820067295
2630,5.07285844858332,46.11675167532249
2633,-0.42607414060645166,48.23476440108999
2636,3.6878884850038407,49.33930616121875
2637,3.2638146116902877,45.27737055935348
2640,6.046567193042433,48.844967343799446
2641,7.0042785190599055,43.773847312299786
2643,-0.013642460626082098,48.73554357344069
2644,-0.016076588523436186,44.07280994345591
2646,5.969337137866493,48.7581668786409
2647,-3.189426308095446,48.18581223665298
2648,2.1658530724099885,47.28378830691904
2650,7.622574889921573,43.986436316158354
2651,5.953234935426551,44.58097407113444
2652,3.9531817002514913,45.12657840769893
2654,6.822120566053902,43.46374748933468
2655,5.840537480725118,45.98675318301612
2656,5.831654846313429,46.474281219993664
2660,4.058240770841973,49.29118187099556
2661,3.1069495949132655,48.19191078136794
2662,1.2856506009062914,46.47133575553765
2666,1.7225855909635452,48.7498464679485
2667,1.8648500250547695,50.73777936040791
2669,-0.059946619805562484,46.51645871938495
2672,1.3795072368725894,44.72537474288753
2673,0.26410620488563463,48.02148282475575
2676,5.708100555039463,48.31713493361755
2677,6.672860408783141,47.26460095036727
2678,4.30416615068436,49.187010021538605
2681,-1.0659381860654804,47.16186019012896
2683,5.415499457982577,46.70542285154922
2685,2.5296697088791573,43.851076697399364
2688,0.6772612639012925,49.28996638552035
2689,2.5203862895794353,48.810806141127365
2691,4.426596082156742,45.68548337554976
2693,2.153711970700125,43.86700633125935
2694,2.521494933577549,46.009056857672725
2695,1.4429911473887156,50.03488646261566
2698,-1.2902452405339657,49.239916640054844
2699,0.0415821197405668,44.045955803129615
2700,6.794954964241084,49.092295238990424
2701,3.3284164303293053,50.340341820116535
2702,1.1028085723843999,49.16974484276963
2703,6.619841515175279,48.67083241066138
2704,-1.4775277550811188,48.39178032963334
2711,0.8714455238763463,44.714659291162185
2712,4.681820940720604,47.997528713860774
2714,5.963747991981968,46.24870378888078
2719,0.44172864941324974,44.07081012906709
2720,-0.9249932998866788,47.90779987798289
2722,3.03786033193912,44.027294369914145
2724,2.6743903572076873,46.198861251140535
2725,-0.06700102875606095,47.14284764920535
2726,3.745826172127824,47.34711572569688
2727,1.9814493053749045,50.08980124597703
2733,3.935513738421296,46.76645839266162
2734,2.0110325726419305,46.66338590827675
2740,6.3140191156745775,43.97188796940635
2741,3.6916546364384626,48.74027756150588
2742,0.4395822863077923,46.55496097427766
2743,0.08633255684222885,47.185748987585086
2745,5.889358416353231,45.151047669719574
2746,0.37696811619840087,47.290727411876965
2748,3.1962441128809758,45.520522809013805
2749,-2.7972341163309355,48.18009371341741
2750,5.156194625832743,44.881760435270515
2751,0.6109603560185564,45.31251942075041
2752,1.4147640227146479,48.63524169191633
2758,-2.6299344975838106,47.96499576595286
2759,1.2786351780501182,43.135436381174856
2766,1.109723165973299,44.558749318131184
2767,1.15036760249766,44.55532258418358
2768,-1.011321426807796,45.25860365023633
2770,5.073868919963234,44.54822038848572
2771,0.6870234026574638,44.76667660949544
2772,-0.2165659192199909,46.2418905149335
2789,1.8789154503426753,43.849814179341536
2790,1.2921322118369005,45.1980847203533
2793,6.320261127135048,49.184771731638854
2795,3.093463583919469,44.710298753812665
2798,3.9085277155240234,46.091642191210894
2805,4.023065554759036,48.31246494945255
2807,-3.0529139331154593,47.929877855214
2808,3.1572349865856797,46.9972465589964
2811,0.25549856497620915,48.95761831151753
2812,4.43254509227447,44.64129451824906
2813,6.343337856499993,43.64204718420444
2814,0.07543287165957935,49.35295534836232
2817,4.998402718238271,44.98965287195045
2819,5.876619389078062,47.1296162767881
2820,0.09839198999316157,46.16775311563449
2821,0.5905614437884985,43.926662287253386
2825,-1.0128445802226764,48.28976059175081
2826,2.3508906702669607,50.758005185583755
2827,0.7852275289802462,45.97422677906401
2828,3.717093887903685,46.87761796605341
2832,-2.2353771125940285,48.25860180827813
2834,-1.3676496763863852,46.59904785940151
2838,0.7569318236905263,49.543511687104726
2839,2.643221650516969,46.16380335153981
2840,3.283595103313889,50.314267463964505
2841,0.34036624462559306,46.704377704675814
2842,3.47712250768201,44.53655652416912
2843,-1.4579861548940567,49.64025558525558
2844,0.6689915173817695,46.11317480493351
2846,3.3078843273546124,46.30411598360914
2850,-1.4318743029286454,43.638622266896775
2851,0.05094280944460561,46.36927216637726
2852,4.635190613990471,49.745760641984724
2857,2.5778831816301713,43.889876978918984
2864,-1.4978200453718884,47.58849473977741
2867,0.5165858922284841,45.34236265013444
2868,0.7680830133436736,45.70059917808023
2869,1.8381460467177861,48.05818607231758
2870,1.3055797984827073,48.8714139808513
2871,0.5151634164958869,43.373052951088525
2872,-0.3775292022238368,47.147241212900354
2873,-3.5315473683735177,48.54285715647906
2875,2.7058815658257824,50.61131578272953
2878,3.0890371188183465,46.49118541576545
2882,3.1575036178259026,44.286463371696385
2883,-0.8470843186429518,44.651273712544196
2884,6.436033940398218,45.322443100207444
2887,3.2347520941855112,43.55014662523521
2888,-1.9119670414279062,47.39738366368671
2889,5.772867232275736,48.191959344933764
2891,-1.1126880019514918,46.771944149851876
2892,0.546625070070422,48.951480628975744
2895,7.5135061608535025,48.85697340173319
2897,0.512526248153657,44.3806170666903
2898,5.134161730287911,47.9816374568268
2899,1.636249930922041,48.87182621867876
2900,1.19175410147228,43.428053530049965
2902,-0.8588200200851377,45.832509869899916
2904,-4.772557116102725,48.49297416994405
2907,0.7815838091196383,44.63401264654328
2909,2.566772121457551,43.85551534693988
2912,5.749657521679412,45.484523798560765
2913,5.584711652227538,47.25547905853225
2914,2.6525021277899903,47.18929939777838
2921,4.734554604855964,45.349624402919986
2924,-0.9858726701462013,44.33783919596491
2928,-0.2867593427898045,48.85631069476392
2929,1.7525824233925347,43.81580887975066
2930,5.8431633196210555,47.113758976216104
2931,0.8802991887006426,43.286834132242355
2935,3.477354309263415,49.35522158432855
2940,-1.922175359271852,48.256775920137386
2945,2.3229811506952025,50.75337556486168
2948,5.7505675841206365,47.91067547271064
2950,6.794705850476866,49.01314335100587
2962,1.9213239681570435,47.77632006032267
2964,3.7483368404128434,43.76934003936369
2968,-0.9712533829918861,49.182731155212295
2970,0.6860605966064188,47.82316692515711
2971,0.13169895452570213,48.59108434072025
2975,-1.0158969874537425,47.19451398790104
2978,6.982774803159915,47.57647756706316
2985,-0.6131167851148467,44.0339085595026
2986,5.831978359459409,47.78071602295047
2987,2.5182861881445335,42.375987205740394
2989,-0.17163176601479257,46.917870073697536
2990,3.014863223643939,43.39113949047666
2991,1.9400522614786881,44.11339636778178
2992,2.410223336865407,45.30913495432405
2993,3.0325762739291022,49.237651014540575
2995,4.747114636730581,48.21324664969075
3000,3.4132294123812983,49.306937394201945
3001,0.6641906281476091,43.218146415129326
3003,7.49703374660541,48.68227552583185
3005,6.625951756217052,49.25279985142945
3006,2.844225783097486,46.28271487053137
3008,4.915562357562816,47.93626861837094
3015,2.5655531335348494,47.47650221257507
3018,1.8886696880060994,44.71976878110968
3019,1.3437093342641555,43.05031762464642
3022,2.9762258734350393,50.1070496553399
3026,-1.165499005582459,49.06793553946221
3027,-1.4193859935986723,46.394283922818374
3030,4.289468660167085,44.38293503936427
3035,3.2039949951215014,50.33261399555418
3038,-0.6393229073658224,45.03409626448066
3041,5.509748663738687,49.15511810770653
3043,3.072693584566629,43.136817225562865
3044,6.732659856262588,48.85984505984321
3047,-1.212483203562333,44.08070187583143
3050,2.4208512896518624,44.47885586715759
3051,0.019356076298318037,44.38570013349025
3052,0.31199543346265024,48.87059371047194
3053,3.1286516718377975,49.73044989512795
3055,4.188891754185141,45.588830325474916
3057,1.936210546119625,50.79163574911019
3058,1.525091430105701,48.678000684549765
3059,4.714894426553611,45.216026680337464
3064,3.5149100841560124,50.0159289324023
3066,1.7154210482758572,44.465913123084654
3067,-0.10594060284286577,42.92053702228832
3068,5.274334550929677,48.19350924090956
3069,6.861169431119928,43.86715709934103
3070,-0.8063298058518935,45.77745867975939
3073,1.9645931368981868,50.55955802927352
3075,-1.5855993073438515,46.562260246828686
3076,3.2237878762611594,47.17425851587833
3077,0.7321464930734916,46.1571884756349
3078,0.08565049503033251,44.38887161732745
3079,5.384590566230191,47.61095982133587
3081,5.302980440968726,47.08349696748074
3082,3.9368540656904223,44.06300904702261
3083,-4.133127982888137,48.51647915343835
3086,-0.7819972162044078,45.87494893683745
3088,-0.9471977676313443,46.49824899655523
3089,2.8588835035786726,47.70859902571594
3092,6.509714197517994,43.8690659535631
3093,-1.5913182420001912,48.07486772259284
3096,6.365260149352105,43.16436687345578
3097,5.63830273915414,43.626643977383864
3099,3.4359051058667873,49.1431432183437
3100,1.1694746085220613,44.340002953379134
3102,5.101580888768888,43.74657069774707
3103,4.229638968243956,48.38233315985367
3104,2.3340918975999925,48.015686725786765
3106,4.505870487126137,44.84570644183434
3108,-1.9692963719371628,46.9440594568438
3111,-0.7405802142359699,45.029280463477
3114,0.6840102098624161,46.903349313216395
3116,2.387087217008861,50.718057430343876
3117,0.5849369631737664,45.92662665786327
3119,1.697005382987502,47.84942444553248
3120,6.398973318001964,43.65231165419318
3124,1.233282670552529,48.28668105356181
3128,6.407760030806108,44.621215446729195
3129,4.4198230264763705,45.229543650927994
3133,1.890157370989301,49.1653491837852
3134,1.996832537141013,45.79939416585606
3136,-0.9593316634259637,47.47910978763552
3137,1.7284751472619115,46.44137340013986
3140,4.275455397968038,45.510170379287864
3143,1.1260980316919724,45.53401590663295
3145,2.931000045028915,45.519593253321794
3150,5.819012491688351,45.25860130859608
3155,1.8217493940099034,48.201293008106376
3158,4.825204599162436,47.04081651153909
3160,5.9846044062953965,47.48386150895184
3162,2.5823096491702,49.23960138657561
3163,2.3774041790404263,46.09272387550935
3167,-1.026797191502574,45.623532767878096
3168,4.433151269094651,47.589953921966355
3170,6.216282840972639,45.39072174671172
3171,2.438264669335233,48.20556151523421
3172,6.863161665857227,45.32094581771382
3175,2.4960280966994084,50.16822869355391
3178,2.8484145410494923,47.68377435779351
3180,1.027895729788467,44.395178932841716
3181,-1.330157772492496,47.75939827079928
3184,1.3265859999673912,49.092888475517285
3190,1.141827330918531,45.51635267367124
3192,6.37249738853415,47.01263100476192
3194,-0.5381639682823938,44.16554061375722
3198,5.323583615521862,48.2190757774351
3199,3.4615918410823046,44.62190046933587
3201,5.006589115897047,47.194762017194535
3204,-1.784418004917244,48.214984748413976
3206,-0.4828126425193062,49.29284182271836
3208,3.1592576672520973,47.71977364089423
3210,0.6851547171749877,43.14682805732071
3212,1.6406839992459306,45.81975672284715
3216,2.454743560400378,46.26695480822833
3217,-0.5305820573593607,46.046069874636075
3218,-0.9432104225869429,43.29934793962523
3219,2.684320428505888,50.58655566912981
3221,-1.0969397142775836,48.71937074766705
3222,1.1125272702643905,44.249234579042735
3223,6.666464796078577,43.75685525067611
3225,-1.0809773289911453,44.4558573586004
3228,4.706431092623365,44.80722534323209
3232,2.4767104008777476,46.26016946519358
3233,3.779810052836318,46.45818074183794
3236,2.417803759319453,49.82980814654131
3239,-0.4012898662655733,49.21816732463071
3241,4.449175423527299,45.79177823559198
3246,5.666276999358823,45.98664300392005
3247,5.010517069503949,48.318442535304314
3249,4.267892503385726,47.89509709191291
3250,2.0772916040167155,48.49689526834684
3251,2.91870888256979,46.16865056063504
3252,4.844481401755388,46.073430752375195
3253,6.91529882848117,48.79651909348474
3254,6.014045995354758,44.818610744981264
3255,3.931139305588058,43.932213073300645
3257,0.3898895709789585,44.39613623364303
3265,1.285499901351411,46.958232921849614
3266,-1.436326000404482,49.112225577428205
3268,-0.7597665153690496,46.58728298447333
3271,4.519524659544958,47.110217911726515
3273,5.071759493324761,46.91782448999311
3278,0.94923098138851,47.698774189354324
3279,0.8460343412995934,44.31495118614568
3281,2.7083524999174857,45.35068604699559
3282,4.025840602515771,47.77458678491085
3285,5.0885525175251285,44.182509724958656
3287,5.988438930883355,48.20076130108338
3293,6.395973724621266,43.85663912135653
3294,0.40654407664807035,45.410680038425895
3298,6.696149193037893,45.01105049402628
3299,-2.02180328331616,48.64101171939781
3300,7.247546124063165,48.56103329003844
3301,1.8984695303444594,47.79665346479048
3308,6.355421054359288,43.36907299884831
3309,5.7251695591546685,43.78485733950971
3312,3.2550025181494515,44.72975770612807
3318,0.32362665465447815,45.60876218374042
3321,2.513476781972239,48.17167931626315
3322,2.782752489337102,49.48466510416703
3328,3.3658225087133076,49.66669355235932
3329,-0.3226407737254702,48.27593385473412
3330,0.5631601169967393,44.450834443056905
3334,0.7104698495053379,44.7073102371632
3337,6.139367472714266,49.15615848959652
3340,4.605989179619026,48.434747551899754
3341,2.984918301263434,43.90972008135575
3342,4.732186009663467,44.15317597456952
3344,4.891508421461554,43.464225908658435
3346,-0.3317779577100701,47.174089555296476
3347,4.785548517596245,47.47643786976059
3348,0.4246268271618412,47.471661235706804
3350,3.6454745958176105,50.10218679417127
3357,2.4162789769675337,45.91039079195765
3361,1.5356400006427018,48.107122014948835
3365,4.492771661428227,46.74810001121917
3366,3.6134806317707024,45.53927960475252
3371,3.079246769178484,49.01085053005251
3377,-3.9623172651229224,48.293741068895
3380,7.079987590581544,48.423336972691814
3386,4.022229867976687,49.16736957646341
3390,-1.1843669785474162,44.033971260900415
3392,0.309856760671928,44.269798578967354
3393,0.7151099610829359,49.7995047117712
3396,2.060517760843302,42.68349346866206
3397,2.085117610627063,43.22196871227857
3400,-0.6970200406477041,44.2880984781413
3405,2.188115032549682,48.6855932820921
3406,3.886641652484407,45.20051346812181
3409,-3.9977353913656652,48.49853209825312
3416,4.887893907227644,43.7041095166911
3417,0.7817899705418911,44.43790490764351
3420,-1.8442885436905678,46.636108805176924
3424,3.6180817437058046,44.95132296641864
3428,1.023918858442486,45.75109736264163
3430,4.282660560151145,49.09032384994139
3434,0.7592449341330596,49.18547334285951
3440,1.872799046920198,44.54868312430518
3442,1.6884745493675526,50.224064505373484
3446,0.8433887925408969,44.609361706449285
3448,0.7862013380326154,43.87266978649229
3449,0.5272678524589525,44.156770814189265
3450,2.8288284752584305,42.4820411623926
3451,2.600344576996455,44.47988026135361
3453,0.7423406848812988,45.397849144633604
3454,2.9855251299258665,49.56774285079004
3455,-4.344960768519927,48.675098954537624
3458,0.9656557331672619,48.14174220710535
3461,2.8237995627692616,43.558804409497476
3462,2.3192886900362106,42.676867789432116
3466,2.5083868383843093,42.99228901027852
3468,0.8466581013673622,46.84726371905818
3470,-1.6148351553366846,47.917170878332456
3473,3.763327945768852,49.901447767758036
3475,-1.7121551938121633,48.601969786613665
3477,6.613168512023673,44.402085014778734
3481,5.863531739652322,48.79279860502811
3482,3.8353436794667424,50.34385815713934
3488,5.003852915227824,43.7992603628544
3490,5.566149422136274,43.71730612753809
3491,5.401999781355153,45.401237412592195
3496,7.554109682780384,43.954505148329915
3497,0.21252982169112666,42.76699193544998
3498,1.96308272437137,46.65917073340683
3499,7.673451498503958,44.10747938755699
3501,4.203695876199102,46.676644896052444
3503,1.3622685266244394,47.76294973754367
3504,6.752968390090894,45.25400271262743
3509,1.248907751334336,47.54610453258339
3511,0.7820861170675064,44.100177109728044
3515,6.4412943459586085,48.407655068973085
3521,6.2841521256474255,45.0330518794086
3522,0.5157202824536018,47.52735431947236
3523,-2.9425878571075192,48.50953495708396
3524,0.19510316952043638,44.06694740491547
3525,5.5425497729423,46.58617149847113
3526,-1.108719866847932,45.99789965615337
3527,3.9324334515738304,50.20777683885566
3528,1.9111848365315254,42.464382563751315
3529,2.602218173326614,50.36785507218155
3530,3.7090267694678865,48.305029835859735
3534,1.589133845034695,45.6800386592205
3535,6.424163144046455,43.842507345545755
3536,0.693071431836735,44.83020390767251
3537,4.042829261244304,46.66109765414399
3544,2.1357467172397504,42.996111736777465
3546,0.12297849152972784,46.19451857685564
3549,4.046342008457087,49.540802096954735
3551,3.8954674470964488,49.84888912880612
3552,-1.6113004084494404,47.82237986016482
3553,1.1092832012143408,44.945186761666974
3554,2.2290980034582306,47.85685938444122
3555,1.5335289158428527,45.73520065595466
3559,0.7465325948191959,47.262440419663314
3560,-0.5829596403247628,48.321118547525074
3565,-0.44336977648626164,45.59481304847075
3566,2.3210683039355073,46.464488581727906
3570,2.2081574986062353,45.95118611285208
3573,4.792072070189535,46.35223861361821
3579,-1.5744870482912368,49.162278264088464
3582,0.1580904103143741,46.68654311611264
3583,1.9601508782331862,43.45602785429559
3584,1.4309271575818219,46.460036863402436
3588,1.7899795415827429,50.71708037186736
3590,4.453264355585841,44.290704287977796
3591,3.892457886482118,49.981199593791075
3593,7.488259400733067,49.131652288617595
3595,2.074430468233687,50.196186997219776
3598,2.2641590817447677,49.40956734022808
3603,2.636973768627459,42.669635356128225
3604,0.10311676001360581,45.91796585789772
3605,1.4936389494883588,47.04710727281609
3606,2.645944666936723,50.623455301817124
3607,2.0517255891819888,43.574922067781095
3608,5.896211427144278,46.39325997397996
3610,4.4742332138064835,45.583833490344276
3611,0.01708367324763227,48.040929492106464
3617,-0.2481350316420725,44.01510907155183
3618,0.7087809070483972,49.50158355627552
3619,3.032276516896255,43.76145880116749
3620,4.61771171537956,46.10827769540582
3623,-2.455566647989781,47.811955399456636
3625,0.05924473766875771,43.28985348829651
3632,2.6004045222022523,47.2365410203368
3635,1.2296503261254328,48.06603211644269
3637,5.276382535832237,47.601747558794735
3638,-0.4163808296582383,44.744202230471444
3641,5.1460649066385535,47.20082602031661
3643,5.845073874768426,47.233791293470894
3646,2.5556605826660395,42.50134932873404
3647,4.473997919724697,43.80423155783087
3650,5.024067128307804,43.463214274172266
3652,6.347335693922094,48.490862958793436
3656,0.2316133199261241,46.32390850810514
3657,3.2062377549667076,47.71360030864237
3661,6.501177328696713,44.976745641135146
3663,1.6268626010999379,50.1315455980346
3664,-0.5702843298844984,44.61165954732171
3665,2.1690177403370674,44.53418887514524
3666,3.1726933479680426,43.630274673415684
3667,2.4948650765515508,48.72528582082637
3669,-1.052010067572981,44.193076175032914
3673,-0.7094800396865493,43.2034471899952
3674,3.1036808601012424,47.11221337651504
3680,1.5069799187911004,43.80175628755704
3682,-0.8865363562658892,49.05765390462415
3683,4.435955398528231,46.81139600990764
3684,2.2178939245823566,46.00109030947574
3687,-0.6244989790334126,48.924368632917314
3688,1.579424744630118,49.74984610285148
3689,2.9565707450177285,44.585009960130364
3692,7.136078271457574,43.68852905641368
3694,3.943104883142876,49.34058756238488
3695,1.7258027179972917,48.904933958690364
3696,6.461521876501845,43.1610360528533
3701,0.47338926626283495,44.18566710940031
3702,1.2420577507444808,46.69302192646803
3706,1.4164361486004644,45.883772120069246
3707,-1.0866485459852129,43.738597116517234
3709,6.0142503565038155,48.73735716970836
3711,3.09153196272665,45.68274424179612
3713,1.578348597996726,49.839461009569774
3715,0.3780243961595531,43.91547083895688
3716,-0.7990977172361751,46.27740172859408
3717,-1.5030772112841957,48.68775973926743
3718,6.800968555371833,47.71446255262037
3719,4.3295087196683255,45.37976662608186
3720,4.405379690020441,49.10861329710247
3723,7.507973185195338,47.67441159137793
3724,7.587283733134534,49.023322919566716
3725,5.82903722948298,48.87413201669432
3734,0.22760778132557835,46.934821765502846
3735,4.8338203712007815,47.79905609222594
3740,7.456954396953332,49.12696278300812
3741,2.575286628915052,45.62280029385944
3742,3.3986982956388694,45.22288418255225
3745,1.6797273567016981,45.687064237992914
3747,1.5801524770089825,43.22511627823508
3749,1.8164390669424666,48.434685771525125
3750,-0.2732126028966775,44.47951773083473
3751,1.5550165182973972,48.14992448971476
3752,3.8205918301871176,48.75827528912583
3753,1.933582060416021,47.170952704872825
3754,3.827438379387198,49.47080053167471
3755,3.63560371634647,50.36248006757565
3757,-1.0217955049628396,43.102303338476844
3760,3.1166592826142736,45.91247761635225
3761,-1.0332861358445857,47.061242355394675
3762,3.2298899267887258,50.23362298051693
3764,-1.1714097293413341,43.74093001966977
3766,1.4022121383902775,45.74273998326074
3767,1.1900031719102238,43.36343746630248
3770,1.7949986011793069,50.35353571910365
3772,4.625022832925621,44.38260123830719
3773,1.1491746692159355,48.415220461448556
3774,0.42315168033377937,46.34399980881631
3776,3.894845897932541,44.845514230467565
3781,4.703324416811489,47.89851433302142
3782,1.4508611497643242,42.8834302816407
3785,0.02038329378355197,47.33847450820763
3787,6.364172488522774,48.575009732065
3788,5.27701827048962,47.95071192754914
3789,-1.0289835071865774,44.71864171609232
3790,2.1994564123723457,45.813236533282634
3791,2.740372113303688,47.48467698678091
3792,-0.021213371596917163,49.189958351905005
3799,-0.47228774425351094,45.42899160847182
3800,1.9315570149784076,45.41639710318232
3801,1.9040456284520895,49.808072466296295
3807,1.296921093985529,44.08295028849113
3808,0.24780872259735265,45.96174208829013
3809,-1.7765232751796503,47.570915882446315
3810,3.6683625522122956,45.87986497489439
3812,1.0050753697586599,47.4061979762626
3814,-0.13863209773372898,48.48252932949489
3815,-0.28729762196833075,48.76750058267088
3816,4.432718610756666,49.7551936512632
3818,1.356412742382913,44.69520202297024
3819,0.7360459468431308,47.04294056886005
3825,2.6123753015310838,44.11888575403926
3827,-0.8114493342156912,43.49348493177004
3834,6.84041697786026,48.846565661028684
3835,3.9013257972712765,44.14984165941074
3836,-3.3390503399008216,48.64226959693275
3840,-0.40171590734827056,47.40075539763353
3842,3.4728894244230215,44.484554913768264
3843,2.916117551486476,45.671918000757564
3846,7.100381976430667,45.291157612735184
3848,1.6792299987834003,47.824113015303375
3849,5.142002621926812,44.07469935105039
3851,5.183168834835273,44.86452284832103
3852,6.598602065614534,43.53693892573171
3853,0.6843616818167835,46.767411888074946
3855,2.928911122476878,45.769491622440256
3856,3.0213444198341453,50.352788883498846
3858,6.524688230295631,46.439314839640296
3859,2.5516806721960608,47.69694933680146
3862,-1.215635730195777,47.27360066587021
3864,3.162378871016184,47.48903355046432
3865,1.4294515496850204,49.13111187147546
3867,1.5375427088779041,49.501029052435214
3871,-1.8077599353693632,47.347906250204105
3872,0.9603124220805181,48.53526602361907
3876,-0.5160444455733959,43.1342825548613
3883,2.3107122757281786,42.92018195439925
3884,2.2108475914551207,46.20042679413471
3886,1.430480190310453,44.90181422710718
3888,2.9915388814819224,42.56284619387395
3889,-0.8961643261975016,46.960997202089494
3891,-0.41895656568581074,44.78711828703091
3893,-1.1836295790673423,47.79770559151987
3895,1.2749141060969302,43.31419293005163
3896,6.371227987900612,43.91823571493166
3897,6.278743774030328,44.24745504662241
3901,6.271367182417547,48.51364261442647
3902,6.065701930422561,47.88966265871122
3904,3.450800518667899,48.6964329319363
3907,2.1796353541919586,43.123365578296834
3908,0.4532469425014751,48.947723377957246
3909,1.56459734456058,44.443009755333755
3912,0.9525206234423793,45.49281997356223
3914,1.8677358643549065,48.40755373931722
3916,3.051698876506803,45.028879902097344
3918,4.526564152098734,45.019890530189166
3921,3.517870071280525,47.52647361121529
3924,6.740260929336641,45.9009992950135
3932,5.208903515513407,45.89232010064788
3933,-1.2219910603197945,43.92536852774693
3935,1.3409088517076233,45.397696959790494
3936,5.181591937346592,49.67234439159251
3937,3.831224478997756,43.48459709597395
3938,3.2836469230148246,47.17064816819899
3941,1.9320778114638593,48.66550148876712
3943,-1.70790357394656,48.4458147855902
3947,4.039358297885251,47.02594516785456
3952,-1.2839819342493626,48.63605709895528
3954,4.282045133211625,46.302431414167955
3955,-0.37542638197239153,44.65343157833637
3956,-1.588292732373548,47.16370471397018
3961,0.3526980957657537,42.765218166625615
3964,4.28499575167587,47.93671521944625
3966,3.572457579763636,50.08418675950533
3968,2.592968696350783,46.51504903781305
3969,-0.45694057548730793,46.1961455209963
3970,5.707564331738645,44.01320740894009
3971,2.7144538863408654,45.328638056311576
3973,2.9006433437370855,48.60386251247874
3974,5.471828780202511,49.11788540758318
3977,-1.6880056088441497,47.97702184712179
3978,-0.9338544621279485,47.304761576212506
3980,0.8941732337786403,48.553502730721085
3988,0.7883363041933622,46.29286695228072
3991,1.815581944868601,50.04290198422665
3993,-1.0399096427345702,46.837504201998144
3999,5.313768445460775,48.88776369594932
592,9.080373712705606,42.307780186147866
594,9.441683561069349,42.063056996518135
751,8.688002648060692,42.47738820627812
775,9.267600126105966,42.43533188995928
967,8.902627141536069,41.82195985505443
974,8.766055113328665,42.23096840175266
1189,9.218886477870905,42.27155696676591
1194,9.011307969801903,41.806481027108596
1207,9.183269179181496,41.7743126334729
1275,9.48029802947403,42.42925608316836
1297,8.976133184334945,42.27310380647003
1775,9.184179501658784,42.22348342286788
1789,8.986055533683786,42.25419306055031
1832,8.88108089550406,42.01321640904039
1836,8.709391237385343,41.79865677549085
1869,9.161533666707914,42.5180147569756
2226,8.95982478016867,42.45127533139148
2391,8.790886769503118,41.725205218939536
2417,8.824114660026575,41.57715468633794
2579,8.992740169622962,42.068541019113134
2649,9.102442019667889,42.05352172808687
2670,9.005596132340282,42.17416137576463
2879,8.91063166588102,41.67014440079814
2919,9.178010200109386,41.92784801960964
3105,9.254824705573595,42.67321843387854
3123,9.315739967973581,42.28134436545127
3126,9.30563273725062,42.21998391354637
3360,9.129480799387167,42.53306920352931
3395,9.246785180317708,41.870689141555175
3541,9.132724533838692,42.48031541875523
3612,8.924418093833157,41.95104622591195
3627,8.668452497965648,41.747890509822625
3681,9.509674972170458,42.14946112258201
3998,8.835881009791676,42.12890642971075
2855,-1.3700563208145988,46.20016171799989
